{
  "books": [
    {
      "id": 1,
      "title": "Hello",
      "author": "Hello",
      "subject": "Hello",
      "date": "2001"
    },
    {
      "id": 2,
      "title": "bello",
      "author": "bello",
      "subject": "bello",
      "date": "2002"
    },
    {
      "id": 3,
      "title": "sello",
      "author": "sello",
      "subject": "sello",
      "date": "2003"
    },
    {
      "id": 4,
      "title": "dello",
      "author": "dello",
      "subject": "dello",
      "date": "2001"
    },
		{
      "id": 5,
      "title": "zello",
      "author": "zello",
      "subject": "zello",
      "date": "1999"
    },
		{
      "id": 6,
      "title": "xello",
      "author": "xello",
      "subject": "xello",
      "date": "2005"
    },
		{
      "id": 7,
      "title": "cello",
      "author": "cello",
      "subject": "cello",
      "date": "2001"
    },
		{
      "id": 8,
      "title": "vello",
      "author": "vello",
      "subject": "vello",
      "date": "2009"
    },
		{
      "id": 9,
      "title": "fello",
      "author": "fello",
      "subject": "fello",
      "date": "2007"
    },
		{
      "id": 10,
      "title": "qello",
      "author": "qello",
      "subject": "qello",
      "date": "1995"
    },
		{
      "id": 11,
      "title": "jello",
      "author": "jello",
      "subject": "jello",
      "date": "2012"
    }
  ]
}
